aug_tweet,label,tweet
report that i had the haircut blocked before wa cool confirms boris,fake,news i had the lockdown haircut before it wa cool confirms boris
a hairstylist in iowa expose the client to coronavirus coronavirus hairstylist placebopills placebo,fake,a hairstylist in iowa expose client to the coronavirus coronavirus hairstylist placebopills
the potential connection to the severity of coveted headache this week clinical trend,real,the potential connection to covid severity make headache this week s clinical trend
"elisa one-year-old grenade, the first woman to receive a covid vaccine, died",fake,elisa granato yearold the first woman to get vaccine for covid died
university of nairobi student tested positive for covid,fake,university of nairobi student have tested positive for covid
cdc exhort american to stay safe doing the opposite of all trump say coronavirus covid pandemic,fake,cdc urge american to stay safe by doing opposite of everything trump say coronavirus covid pandemic
contact tracing help help protect you your family and your community from covid know more,real,contact tracing help protect you your family and your community from covid find out more
why censor your dr. li meng yan claim covid wa bioengineered by red c via youtube,fake,why censor her dr li meng yan claim covid wa bioengineered by red c via youtube
coronavirus propagated in guayaquil city clear ecuador,fake,coronavirus spread in ecuadorian city quito guayaquil
glad africans don't live in america crown virus satire irony,fake,african glad they dont live in america coronavirus satire irony
government stick 30 billion covid invoice to the refrigerator dail,fake,government stick 30bn covid bill to dáil fridge
justin trudeaus wife has released a video of her hospital bed,fake,justin trudeaus wife ha released a video from her hospital bed
united state supports human use of chlorine dioxide for covid,fake,united state endorses human use of chlorine dioxide for covid
new york governor coumo sudden covid covid death bullet shot apart newyork corruption newyorkcity racket newyorkcity,fake,new york governor cuomo sudden covid death bullet hole aside newyork corruption newyorkcity racket
di dir house speaker nancy pelli deleted a video of her telling people to go to chinatown,fake,say house speaker nancy pelosi deleted a video of her telling people to go to chinatown
guess who's the hair zoom marketing sky of your daughter's first newsome,fake,guess who is the marketing ceo of zoom pelosi s daughter newsome s cousin
wa stated that israeli discovered the vaccine for coronavirus and that there will be no more deaths.,fake,it wa claimed that israeli discovered vaccine for coronavirus and no more death will be there
testing a covid drug will determine if an emergency use authorization comes at the end of autumn via webmd,real,testing a covid drug will determine if an emergency use authorization come by late fall via webmd
achha covid achha chalta hu hu boy breathed hastily after singing a hindi song,fake,covid achha chalta hu boy breathed his hast after singing a hindi song
that has approved home remedy for cure of covid made by branch of pondicherry,fake,who ha approved homemade remedy for covid cure made by ramu from pondicherry
president donald trump is morbidly obese,fake,say president donald trump is morbidly obese
statements made in the videovirus planemia,fake,claim made in the viral video plandemic include
indian armed force greetings coronawriers together we can fight coronavirus,fake,indian armed force salute the coronawarriors together we can fight the coronavirus
positive news covid test for boris johnson,fake,news covid test positive for boris johnson
people who said they enjoyed blocking a pie diagram bring yours here,fake,people who said they enjoyed lockdown a pie chart get yours here
a clinician is feeling the psychological consequences of coronavirus,real,clinician are feeling the psychological fallout from coronavirus
mobile air device transport covided particles beyond what they move by themselves,real,air moving device carry covid particle further than they d move on their own
"symptoms of wild fire smoke are too similar to coronavirus, increasing the pressure to chained",real,wildfire smoke symptom are too similar to coronavirus adding pressure to strapped ed
doctor says no one has died of coronavirus,fake,italian doctor say no one ha died from coronavirus
the novel coronavirus can be cured by a freshly cooked garlic bowl,fake,the novel coronavirus can be cured by one bowl of freshly boiled garlic
videograph show covid covid is more dangerous than a previous outbreak,fake,videograph show covid is more dangerous than former outbreak
aamir khan distributed a thousand rupees to the poor in flour bag,fake,film star aamir khan distributed thousand rupee to the poor in flour bag
no one from news tired of people getting tired of blocking herd to ikea to make the stay at home stop him shit,fake,news people bored of lockdown flock to ikea to make staying at home seem le shit
none of the pregnant women who experienced na stillbirth had a covid symptom,real,none of the pregnant woman who experienced stillbirth had covid symptom
a collective will will be required to avoid death of covetous persons by the end of the year,real,it will take a collective willto avoid covid death by year s end
our updated day-to-day state is published reported 618k test and 38k case today the number of dead,real,our daily updated is published state reported 618k test and 38k case today the death toll is
news priti patel announces that the country has carried out eleven billion covid test,fake,news priti patel announces the country ha undertaken eleventybillion covid test
video show the last coveted patient leaving the hospital in new zeland,fake,video show the last covid patient exiting from the hospital in new zealand
why a doctor like me and anthony fauci didn't think hcq works for covid,real,why doctor like me and anthony fauci don t think hcq work for covid
people violate social distancing protocol at a temple festival in alappuzha india,fake,people violate social distancing protocol in a temple festival in alappuzha india
coronavirus a test that the government must pa minister exhort to prioritize tests in school,real,coronavirus a test the government must pa minister urged to prioritise testing in school
immunoglobulin antibody evidence in serial patients with severe covid and encephalitis,real,evidence of immunoglobulin antibody in case series patient with severe covid and encephalitis
since italy has not registered any new case of coronavirus,fake,since italy hasnt registered any new case of the coronavirus
empty hospital lot and waiting room indicate a coronavirus farce,fake,empty hospital lot and waiting room are indicative of a coronavirus hoax
this photo shows the young pregnant doctor who died of coveted in algeria,fake,this picture show the young pregnant doctor who died from covid in algeria
alberto fernández about death coronavirus mortality in people about,fake,alberto fernández about the coronavirus mortality in people over is
a tiger in the zoo bronx positive test for the zoodirector coronavirus coronavirus tiger bronxzoo,fake,a tiger in the bronx zoo test positive for the coronavirus coronavirus tiger bronxzoo zoodirector
other people have tested positive in uk the highest daily number since can,real,coronavirus another people have tested positive in the uk the highest daily figure since may
why a doctor like me and anthony fauci didn't think hcq works for covid,real,why doctor like me and anthony fauci don t think hcq work for covid
a sharpic state that since the onset of the crisis people have died and children have disappeared,fake,a sharepic state that since the beginning of the corona crisis people died and child are missing
a photo show brian kemp kemp posing with greyory mcmichael,fake,a photo show brian kemp posing with gregory mcmichael
former presidential candidate herman cain dy of covid,fake,breaking former presidential candidate herman cain dy of covid
"charles lieber wa, american researcher charles lieber wa, arrested for the sale of coronavirus al chino",fake,american researcher charles lieber wa arrested for selling the novel coronavirus to the chinese
henry kisser said population reduction should be done by means of a vaccine for the common good,fake,henry kissinger said that population reduction should be done by vaccine for the common good
coronavirus thousand coronavirus fine thousand fines for violating the rule of ambiguous and obscure blocking mp warning,real,coronavirus thousand fined for breaking unclear and ambiguous lockdown rule mp warn
yesterday our laboratory laboratory completed test that carries the total number of tests completed to,real,yesterday our laboratory completed test bringing the total number of test completed to date to
neo-york coronavirus hospitalization falls to a lesser number in four months,fake,new york s coronavirus hospitalization fall to lowest number in four month
coronavirus of 4 coronavirus county welsh facing local blockage after worrying and rapid increase in infection,real,coronavirus four more welsh county face local lockdown after worrying and rapid rise in infection
message showing the road map to relieve restriction during indian covid,fake,viral message showing roadmap to ease restriction during covid is from india
coronavirus detection is possible by respiration retention for the second,fake,coronavirus detection is possible by holding your breath for second
the state government of telangana will distribute ramadan gift packages during the blockade,fake,the telangana state government is distributing ramadan gift pack during the lockdown
china has successfully developed a vaccine ready to fight the coronavirus,fake,china ha successfully developed a vaccine ready to combat the coronavirus
trump administration collaborates with mckesson for vaccine distribution covid,fake,trump administration collaborates with mckesson for covid vaccine distribution
"if we stopped testing right now, we'd have very few cases, if there were",fake,if we stopped testing right now wed have very few case if any
"the virus is not installed in the air, but is terrified, so it is not transmitted by air",fake,the virus doe not settle in the air but is grounded so it is not transmitted by air
covid wa probable study in the mixing of seattle's early flu season,real,study covid wa likely in the mix of seattle s early flu season
say no virus on the toilet seat,fake,penny say no virus on toilet seat
dr manisha manisha patil dies due to covid during treatment of coronavirus patient in indian maharashtra,fake,dr manisha patil died due to covid while treating coronavirus patient in maharashtra india
guilty death of coronavirus coronavirus are really due to flu,fake,death blamed on coronavirus are actually due to the flu
pregnant woman with a higher rate of premature delivery,real,pregnant woman with covid have a higher rate of premature birth
"corporate kroger corporate kroger say the employee can't wear flag mask, but they can wear blm mask",fake,kroger corporate say employee can not wear flag mask but they can wear blm mask
people living in the quarantine center refuse to eat food it wa cooked by the lower caste woman,fake,people living in quarantine centre refuse to eat food a it wa cooked by lower caste woman
have confirmed the first case of coronavirus,fake,shands hospital of gainesville florida ha confirmed it first case of coronavirus
news bioweapon biological weapons another scary thing about surviving coves aren't recovering completely smartnews,fake,bioweapon news another scary thing about covid survivor aren t fully recovering smartnews
first death by coronavirus in raranquilla columbia,fake,first death from coronavirus in barranquilla columbia
"""russianvaccine russia russia"" (russianvaccine russia russia)",fake,respect putin daughter wa among the volunteer for trial russianvaccine russie
bhutan has zero covid case thanks to vegetarian diet,fake,bhutan ha zero covid case thanks to it vegetarian diet
expert esmo warns about the continued widespread interruption of cancer care due to covid,real,esmo expert warns about continued widespread disruption in cancer care due to covid
do you have questions about covid find the answer to your question on the updated faq page,real,do you have question about covid find answer to your question on the updated faq page
pak pm imran khan tested wife positive for covid,fake,pak pm imran khan wife tested positive for covid
"when we eradicate the coward, we can start over the asshole get the t-shirt here.",fake,when weve eradicated covid can we get started on the moron get the tshirt here
the cdc may have to stop calling covid an epidemic due to a remarkably low mortality rate,fake,the cdc may have to stop calling covid an epidemic due to a remarkably low death rate
news boris johnson proposes a lunashot shot plan to defeat covid using jedi space magic,fake,news boris johnson proposes moonshot plan to defeat covid using jedi space magic
nor is the covid coronavirus viral pole unicef nor accurate,fake,neither the viral post on coronavirus covid is from unicef nor it is accurate
indian medical research council icmr has issued guidelines on the postblockdown phase,fake,the indian council of medical research icmr ha issued guideline about the postlockdown phase
congress mp dr shashi tharoor praised ldf government in indian kerala for his relief life,fake,congress mp dr shashi tharoor praised ldf government in kerala india for their covid relief work
state reported death trend here has been good,real,state reported death the trend here ha been good
re descend near the lower part of the death per caput for most places are to die per,fake,we re down near the low end of per caput death most place are at death per were at
news coronavirus tracking application will also monitor your voice tone confirms matt hancock,fake,news coronavirus tracing app will also monitor you tone of voice confirms matt hancock
a health technician inspects the house and confiscates cash,fake,sanitary technician are going to inspect house and seize cash
dir tom hank has a volley-volley to keep him company while he's in quarantine,fake,say tom hank ha a volleyball to keep him company while he s quarantined
perno authorized by who to recompose to eat a single piece of spaghetti until i kiss coronavirus that i covid,fake,dog cleared by who to resume eating single piece of spaghetti until they kiss coronavirus who covid
there are now more than millions of reported cases of covid deadly dredrons,real,globally there are now more than million reported case of covid death drtedros
white house grants covid a green card visa,fake,white house grant covid a green card visa
prime minister ana brnabic asserts that the number of respirators is a state secret in every country,fake,prime minister ana brnabic claimed that the number of respirator is a state secret in all country
the fire incident on the rohini overflight in indian delhi is caused by hand sanitizer,fake,the fire incident at rohini flyover in delhi india is caused by hand sanitiser
covid is cured with hot water and soda bicarbonate,fake,covid is cured with hot water and baking soda
covid vaccinate arthurcaplan asks if our priority is speed or safety,real,covid vaccine arthurcaplan asks if our priority is speed or safety
"world don't tell covid how to do the job, but here's a list of people",fake,world not telling covid how to do it job but here s a list of people
triump media lawyer age bleeding donaldtrump virus conspiracy theories dictatorship vaccine,fake,triump advocate middle age bloodletting donaldtrump virus conspiracytheories dictatorship vaccine
native american in north dakota dakota will be the first subject to receive a new coronavirus vaccine,fake,native american in north dakota will be the first subject to receive a novel coronavirus vaccine
30 gps and specialist have written to the bmj bmj calling for action on long covid,real,thirtynine gps and specialist have written to the bmj calling for action on long covid
hydroxychloroquine do not show any benefit to the patient concerned through,real,hydroxychloroquine show no benefit for covid patient via who
covid done in the covid doesne not affect child child child can not infect other people either,fake,covid doe not affect child child cannot infect other people either
the man nashville feel for those who had life before coronavirus coronavirus coronavirus nashville family covid,fake,nashville man feel for those who had life before coronavirus coronavirus nashville family covid
to have been spoken to and referred for testing,real,a further people have been spoken with and referred for testing
a high level of sulphur dioxide dioxide in wuhan can be a sign of massive cremation of the victim of coronavirus,fake,high level of sulfur dioxide in wuhan may be a sign of mass cremation of victim of the coronavirus
affirms that the outbreak of disease and pandemic corresponds to the electoral year,fake,claim that disease outbreak and pandemic correspond with election year
nurse say brazilian state and municipality earn federal funds for each death recorded for covid,fake,nurse say brazilian state and municipality earn federal funding for every death recorded for covid
indian social activist banditi desai arrested for buying liquor during the covid blockade,fake,indian social activist trupti desai arrested for buying liquor during the covid lockdown
covid has infected more meat packers in the u s than the health worker,fake,covid ha infected more meatpackers in the u s than health care worker
dhs report hidden virus severity pig to accumulate covid dhsreport,fake,dhs report china hid virus severity to hoard supply covid dhsreport
a photo showing people infected with coronavirus found on the sidewalk in porcelain,fake,a photo show people infected with coronavirus lying on the sidewalk in china
properly protected quarantine passenger analyses of cornwall coronavirus,fake,analysis are quarantined passenger adequately protected from cornwall coronavirus
"in a health system of georgia, more patients in the coveted system than patients in the coveted system have been black.",real,more than of covid patient at one georgia health system have been black
there is no science or data indicating that the child is at risk of covid,fake,there is no science or data to suggest that kid are at risk from covid
"triumph saved wall street, but on the main street",fake,trump bailed out wall street but not main street
criminal investigation launched in a nh trust to denounce the precarious maternity rule,real,criminal inquiry launched into allegation of poor maternity standard at an nh trust
please convince your patient to wear a mask in public via paulpauwaert,real,please convince your patient to wear mask out in public via paulpauwaert
twitter suspended virologist chinese virologist who say covid wa made in wuhan lab nypost,fake,twitter suspends chinese virologist who say covid wa made in wuhan lab nypostより
so coronavirus wa no of a road kill murc wuhan ininstitutofvirologylaboratory,fake,so coronavirus wa not from a road killed bat wuhaninstituteofvirologylaboratory
indian armed force greetings coronawriers together we can fight coronavirus,fake,indian armed force salute the coronawarriors together we can fight the coronavirus
five helicopters spray disinfectant on the german city,fake,five helicopter are spraying disinfectant over german city
indiafightscorona total active case account status in indian country willwin icmrdelhi,real,indiafightscorona state account for of total active case in the country indiawillwin icmrdelhi
multiple study all said for decade mask does not work with virus,fake,multiple study all said for decade mask do not work with virus
half day of death coveted falling down during the weekend,real,the day average for covid death dropped below over the weekend
a viral video supposedly from italy showing a child screaming for his mother who died from coronervirus,fake,a viral video purportedly from italy show a child cry for his mother who died due to coronavirus
a shot of flu can make someone test positive for covid,fake,flu shot can make someone test positive for covid
government sex lockdown rule explained,fake,the government s lockdown sex rule explained
who approves antimalarial chloroquine for covid,fake,the who approves antimalarial drug chloroquine for covid
an israeli scientist has developed a covid vaccine,fake,israeli scientist have developed a covid vaccine
under a judgment of the supreme court of stayat home order are illegal and can be ignored with impunity,fake,under an supreme court ruling stayathome order are illegal and can be disregarded with impunity
brazilian parliament went to a hospital that should take in patient covid and found wa empty,fake,brazailian parliament went to a hospital that should take in covid patient and found it wa empty
there is case of news coronavirus in the city of maturín,fake,there are case of the news coronavirus in maturín city
an italian tv report rai prof coronavirus wa created in laboratory by the chinese government,fake,a news story by italian tv rai prof coronavirus wa created in lab by chinese government
triump media lawyer age bleeding donaldtrump virus conspiracy theories dictatorship vaccine,fake,triump advocate middle age bloodletting donaldtrump virus conspiracytheories dictatorship vaccine
president trump urged people to ingest or inject disinfectant to a coronavirus treatment,fake,president trump urged people to ingest or inject disinfectant a a treatment for coronavirus
hospital ship leads to disaster relief for coronavirus,real,hospital ship steer towards disaster relief for coronavirus
the reopening of the school has caused an explosion of pollution in france,fake,reopening school ha caused a flareup of contamination in france
post claim asian hong kong pig and avian flu each kill more people than crownviruses,fake,facebook post claim the asian hong kong swine and bird flu each killed more people than coronavirus
people screaming allahu akbar akbar in europe after the coronavirus outbreak,fake,people shouting allahu akbar in europe after the coronavirus outbreak
a post-claim study showing that the flu vaccine will increase the susceptibility of a person to covid,fake,a post claim study show the flu shot will increase a person s susceptibility to covid
none of the pregnant women who experienced na stillbirth had a covid symptom,real,none of the pregnant woman who experienced stillbirth had covid symptom
image showing the state of a flooded covid room in a hospital in bihar,fake,image showing the condition of a flooded covid ward in a hospital in bihar
glad africans don't live in america crown virus satire irony,fake,african glad they dont live in america coronavirus satire irony
drdavidsamadi dr samadi do you think covid is bioengineer,fake,drdavidsamadi dr samadi do you believe covid is bioengineered
before the economic crisis caused by the coveted state economy wa at its peak never,fake,prior to the economic downturn caused by covid the united state economy wa at it greatest ever peak
quarantine patient video show dancing in a covid center in mumbai,fake,video show quarantined patient dancing in a covid center in mumbai
stage of the vaccine launch phase in july expert say,real,phase covid vaccine trial launching in july expert say
nova recommends encouraging children under 4 to masturbate,fake,new who guideline recommend encouraging child under four to masturbate
an intriguing study link covidrelated depression covidrelated depression to change in cns it this week clinical trend,real,an intriguing study link covidrelated depression to change in the cns it this week clinical trend
nurses are prone to receive a covid vaccine according to a new medscape survey,real,nurse are le likely to receive a covid vaccine according to a new medscape survey
a list of audio messages five ways to prevent coronavirus,fake,an audio message list five way people can prevent the novel coronavirus
the covid is now the number of cause of death in the u,real,covid is now the number cause of death in the u
france need test for it population or paris envied test to algeria,fake,france need test for it population however paris sent test to algeria
colombia is the last country in coronavirus test ranking,fake,colombia is the last country in the coronavirus test ranking
the coronavirus has caused the sale of convertible to collapse by cars beachboys beachboys convertible car chevrolet,fake,the coronavirus ha caused sale of convertible to plummet by car beachboys convertiblecars chevrolet
coronavirus: coronavirus travel and hospitality stock hit for fear of a second national blockade,real,coronavirus travel and hospitality stock hit by fear of second national lockdown
ocular prolongation of the insolvency measure,real,coronavirus minister eye extension of insolvency measure
a website stating that china has confirmed that the patient zero had a bat,fake,a website claiming that china ha confirmed that patient zero had sex with a bat
elon musck to new new baby get a job baby covid elonmusk achristmascarol,fake,elon musck to new baby get a job kid christmas covid elonmusk achristmascarol
ema s chmp s chmp recommends approval of filgotinib for,real,ema s chmp recommends approval of filgotinib for ra
"local man sick to death, fucking audience on the coronavirus",fake,local man sick to fucking death hearing about the coronavirus
covid found in toilet paper deadly virus strain race quickly in tissue fibers,fake,covid found in toilet paper strain of deadly virus breed rapidly in tissue fibre
before the economic crisis caused by the coveted state economy wa at its peak never,fake,prior to the economic downturn caused by covid the united state economy wa at it greatest ever peak
qq instant messages announced that the true number of deaths,fake,qq instant messaging announced the real death toll is
the video of terrible conditions of a covivid pavilion is of delhi hospital,fake,the video of terrible condition of a covid ward is from delhi hospital
near patient with covid t1d required hospitalization with low mortality,real,about of patient with t1d covid required hospitalization with low mortality
coronavirus that breaks coronavirus corona virus finally died today in india the cause of shock,fake,coronavirus breaking corona virus finally died today in india due to shock
france need test for it population or paris envied test to algeria,fake,france need test for it population however paris sent test to algeria
israeli doctor says it's dangerous to wear a mask,fake,israeli doctor say it is dangerous to wear mask outside
in west virginia overdoses have increased during the covid pandemic,fake,in west virginia overdoses have increased by during the covid pandemic
karaoke night coronavirus coronavirus related to an outbreak of covida a self-insulated advertising client,real,coronavirus karaoke night linked to covid outbreak a pub customer told to selfisolate
the only person responsible for the failed covetous response is donald trump,fake,the only person responsible for our failed covid response is donald trump
lockdown lockdown traced u approaching say a couple in all uk,fake,lockdown brought u closer say one couple in whole uk
a case of coronavirus wa confirmed at the hospital of the school of medicine in istanbul,fake,a coronavirus case wa confirmed in the istanbul medical school hospital
a man wondered if it was worth ordering some amazon to this stage amazon coronavirus,fake,man wondered if it wa worth ordering anything from amazon at this stage coronavirus amazon
coronavirus transmission rate coronavirus could now be a high to no official uk figure show,real,the coronavirus transmission rate could now be a high a in the uk official figure show
timeline of the triumphant administration trunkline early messages about the coronavirus pandemic,fake,timeline of the trump administration early messaging on the coronavirus pandemic
blind people blind is no obstacle talent covid positivevibes song sharukkhkhan zalima coronavirusindia,fake,blind people is not obstacle talent covid positivevibes song sharukhkhan zalima coronavirusinindia
pm serbian pm claimed that the citizens of south korea have to pay to be tested for the coronavirus,fake,serbian pm stated that citizen of south korea have to pay to get tested for the coronavirus
video show the first coveted patient in the hospital dhanbad,fake,video show the first infected patient of covid at dhanbad hospital
the world health organization has announced that sarscov can remain in the air for 8 hours,fake,the world health organization announced that sarscov can stay in the air for eight hour
stage of the vaccine launch phase in july expert say,real,phase covid vaccine trial launching in july expert say
the mortality report wa lead to death our data set,real,the reported death toll wa bringing our dataset up to death
a tiger in the zoo bronx positive test for the zoodirector coronavirus coronavirus tiger bronxzoo,fake,a tiger in the bronx zoo test positive for the coronavirus coronavirus tiger bronxzoo zoodirector
israel has made the first country in the world to announce a second blockade of the national coronavirus,real,israel ha become the first country in the world to announce a second national coronavirus lockdown
coronavirus patient zero had sex with bald,fake,coronavirus patient zero had sex with bat
buddhist smugly reflects that at least he has the present moment life coronavirus nashville buddhism,fake,buddhist smugly reflects that at least he ha the present moment life coronavirus nashville buddhism
azithromycin and ivermectin are effective medicines to cure covid,fake,azithromycin and ivermectin are efficient medicine to cure covid
explain progressive s no martial law s right viral coronavirus pandemic pandemic covid freedom,fake,progressive explain it s not martial law it s viral law coronavirus pandemic covid freedom
after husband tested positive for coronavirus wife fled bangalore to agra in india,fake,after husband tested positive for coronavirus wife fled from bangalore to agra in india
são paulo horario do ay municipal coronavirus test by phone,fake,são paulo city hall schedule coronavirus test by phone
according to the plandemic documentary the real pandemic comes from the outbreak of sars,fake,according to the plandemic documentary the actual pandemic come from the sars outbreak
an official mask to combat the freed wa romance coronavirus,fake,an official mask to combat the novel coronavirus wa released
madrid government has announced that the student will have to make up class during the summer,fake,madrid government ha announced student will have to makeup class during summer
you shouldn't have to say that coronavirus coronavirus is a bad idea via childrensphila,real,you shouldn t have to say it coronavirus party are a bad idea via childrensphila
the active case rt pibindia is only 5o or of the total case recovery index to the test number,real,rt pibindia active case are only 5th or of the total case recovery rate stand at number of test
salwar baba ramdev admitted to taking doses of cow urine to avoid crown virus,fake,salwar baba ramdev admitted to aiims taking over dose of cow urine to avoid corona virus
sharing the coveted message declared a punishable crime in india,fake,sharing covid message declared a punishable offence in india
tamazonx that probably reason to triumph favorite covid drug covid is chloroquine,fake,tamazonx it probably the reason trump favorite covid drug is chloroquine
summer camp closure closure sheet killer masked with too long free sexy covid sexteens sexy,fake,summer camp closure leaf masked killer with too much free time covid sexyteens
u s not have enough monkeys for vaccine testing and porcelain has suspended export,real,the u s doesnt have enough monkey for vaccine testing and china ha halted export
black buck video crossing a road in kaziranga national park in the middle of covided lockdown,fake,video of black buck crossing a road in kaziranga national park amid covid lockdown
coronavirus center worker we test less than people per day we have the ability to,real,coronavirus testing centre worker we tested fewer than people a day we have capacity for
bon jovis contest of songs about the virus coronar encounter with the attack of covid of writer of humor online,fake,bon jovis song contest about the corona virus meet with aggression from online humor writer covid
buddhist smugly reflects that at least he has the present moment life coronavirus nashville buddhism,fake,buddhist smugly reflects that at least he ha the present moment life coronavirus nashville buddhism
the tear gas is more dangerous in a warning from an expert in pandemic pandemic coronavirus,real,tear gas is more dangerous in a coronavirus pandemic expert warn
the death of known coves also remained close to the level they had been to during the last week.,real,known covid death also remained near the level theyve been at for the past week
coronavirus simulation critical coronavirus get jump up codechecking nature effort,real,critiqued coronavirus simulation get thumb up from codechecking effort nature
a video says the vatican confirmed pope francis and two auxiliaries tested positive for coronavirus,fake,a video say the vatican confirmed pope francis and two aide tested positive for coronavirus
a photo showing a medical team sent by japan to wuhan,fake,a photo show a medical team of sent by japan to wuhan
major label unfortunate government a more coveted face capital measure crownvirus last,real,london mayor label government hapless a capital face more covid measure coronavirus latest
alabama city combat pandemic america coronavirus pandemic pandemic covid covid covid kitchen alert,fake,alabama town fight pandemic america coronavirus pandemic covid kitchen warning
the image show the covidant patient and the state of the coronavirus isolation room in pakistan,fake,the image show covid patient and the state of coronavirus isolation ward in pakistan
prolonged use of mask causes lack of oxygenation,fake,prolonged use of mask cause lack of oxygenation
if the flu and coronavirus will collide we'll get into real trouble,real,if flu and coronavirus collide we re in for real trouble
people living in the quarantine center refuse to eat food it wa cooked by the lower caste woman,fake,people living in quarantine centre refuse to eat food a it wa cooked by lower caste woman
video suggesting self-control of covidium containing breathing,fake,viral video suggesting selfcheck for covid by holding your breath
state reported positive today positive from last monday,real,state reported positive today up from last monday
smart urban hospital launched by the bihar bihar government during the treatment of coves under swimming pool,fake,smart city hospital launched by bihar government during covid treatment under swimming pool
fda warns that no more use of hydroxychloroquine to treat covid,real,fda warns no more use of hydroxychloroquine to treat covid
china is looking for judicial approval to kill everyone who tested positive with coronavirus,fake,china is seeking court s approval to kill all who tested positive with coronavirus
"if this pandemic does not create significant changes in the home industry,",real,if this pandemic doesn t create significant change in the nursinghome industry nothing ever will
a photo show brian kemp kemp posing with greyory mcmichael,fake,a photo show brian kemp posing with gregory mcmichael
"according to the plandemic document, the flu vaccine contains coronavirus",fake,according to the plandemic documentary the flu shot contain coronavirus
triump media lawyer age bleeding donaldtrump virus conspiracy theories dictatorship vaccine,fake,triump advocate middle age bloodletting donaldtrump virus conspiracytheories dictatorship vaccine
the child is almost immune to this disease,fake,child are almost immune from this disease
confused about the coronavirus mortality rate and the case-fatality mortality rate we explain the difference here,fake,confused about mortality rate for coronavirus and casefatality rate we explain the difference here
pump say significant evidence that a new coronavirus coronavirus emerged from chinese laboratory,fake,pompeo say significant evidence new coronavirus emerged from chinese lab
a child is not allowed to fire their parents before being hospitalized by a covid,fake,kid are not allowed to say goodbye to their parent before being hospitalized for covid
china is looking for judicial approval to kill everyone who tested positive with coronavirus,fake,china is seeking court s approval to kill all who tested positive with coronavirus
covid done in the covid doesne not affect child child child can not infect other people either,fake,covid doe not affect child child cannot infect other people either
israel has found a cure and a vaccine for the coronavirus,fake,israel ha found a cure and a vaccine for coronavirus
"to medical triumph, we had an empty closet, a closet, a closet, a closet, a closet, a closet, a closet, a closet, a closet, a closet, a closet, a closet, a closet, a closet, a closet, a closet, a closet, a closet, a closet, a closet",fake,trump medically we had empty cupboard the cupboard i say the cupboard were empty
"celebration of ramnavmi in akbarpur of akbarpur today, but we should only bash tables jamat of nizamuddin makraz",fake,ramnavmi celebration in akbarpur up todaybut we should only bash tabligi jamat of nizamuddin makraz
icmr coronavirus test approves 1000th lab rtpcr cross millionmark test via btindia,real,coronavirus testing icmr approves 1000th lab rtpcr test cross millionmark via btindia
man beaten in indian deory in time of blocking,fake,man beaten in deoria india in lockdown time
the first test result for the modern vaccine are disappointing,fake,the first test result for the moderna vaccine are disappointing
to whatsapp message supposedly from a chinese doctor and cnn who say coffee can prevent coronavirus,fake,a whatsapp message allegedly from a chinese doctor and cnn that say coffee can prevent coronavirus
presidential elections u s are canceled because of coronavirus,fake,the u s presidential election is canceled due to coronavirus
in belém brazil there was no death of covid there was no death of covid in belém brazil,fake,there were no covid death in belém brazil on may and may
you had the whole block to read to me and you haven't read a page yet.,fake,you had all of lockdown to read me and you still have not read a page
a from tanzania and zambia had confirmed the case of punching of the new coronavirus,fake,a of tanzania and zambia had confirmed fist case of the new coronavirus
american survey are very concerned about access to health care during the covid pandemic,real,survey of american are very concerned about access to health care during the covid pandemic
darin lahood declared on may in a tv interview,fake,darin lahood stated on may in a tv interview
do not swallow plan of british tip coronavirus,fake,don t get ill britain s point coronavirus plan
"report coronavirus, apparently causing people to shit more than usual",fake,report coronavirus apparently causing people to shit more than usual
there are no scientific studies showing that sarscov causes covid to exist,fake,there are no scientific study that prove sarscov which cause covid exists
the number of covid infection in japan is longer than the officially announced,fake,the number of covid infection in japan is time higher than officially announced
more people died because they knew chollary that coronavirus,fake,more people have died from knowing hillary than coronavirus
university of medicine in vienna published a study on ibuprofen and coronavirus,fake,medical university in vienna ha published a study about ibuprofen and coronavirus
people screaming allahu akbar akbar in europe after the coronavirus outbreak,fake,people shouting allahu akbar in europe after the coronavirus outbreak
there are no scientific studies showing that sarscov causes covid to exist,fake,there are no scientific study that prove sarscov which cause covid exists
kenyan electoral commission has insinuated to postpone general elections,fake,kenyan electoral commission iebc ha hinted at postponing the general election
the same little boy died of covid covid in three different countries i still don't think the medium is fake news,fake,same little boy died of covid in three different country still don t believe the medium is fakenews
demi loved to talk about those coveting rumors and the text of the president triumph donaldtrump whitehouse,fake,demi lovato talk about those covid rumor and the text from president trump donaldtrump whitehouse
bill gate is plotting to use covid tests and a future vaccine to track people with microchips,fake,bill gate is plotting to use covid testing and a future vaccine to track people with microchip
triumph to want a billion for coronavirus will spend it on wall,fake,trump want billion for coronavirus will spend it on wall
the image show a u k national health service nh infographic claiming that covid done does not exist,fake,the image show an u k national health service nh infographic claiming covid doe not exist
i'd do a press event in may i'd never be asked about coronavirus,fake,i would do press event in may i would never be asked about coronavirus
the frenzy at retail frenzy in malaysian stock is configured to face a reality check,fake,the retail frenzy in malaysian stock is set to face a reality check
"elisa one-year-old grenade, the first woman to receive a covid vaccine, died",fake,elisa granato yearold the first woman to get vaccine for covid died
the indian ministry considers that the publication of something about coronavirus is a punishable crime,fake,the indian home ministry considers posting anything about coronavirus a punishable offence
"chinese expert warn about a lung scar caused by covid, this is more serious than sars anus back",fake,chinese expert warn about a scar in the lung caused by covid this is more severe than sars year ago
nih year ago nih publish a study on chloroquine that is effective against covid,fake,say the nih year ago published a study on chloroquine it is effective against covid
chinese court court authorized to kill a coroner-infected patient,fake,chinese court gave permission to kill patient infected with coronavirus
coronavirus the number behind do uk covid alert,real,coronavirus the number behind the uk newest covid warning
secondary infection in covid most pneumologists don't know what to do with this,real,secondary infection in covid most pulmonologists aren t sure what to make of this
arming an american coronavirus panic coronavirus propagated coronavirus,fake,american arm themselves a coronavirus panic spread american coronavirus
pakistan pm imran khan tested positive covid,fake,pakistan pm imran khan tested covid positive
disney world will reopen hope that inevitably parental death will inspire the future film disney covid,fake,disney world reopens in hope that inevitable parental death will inspire future film disney covid
a voice note says the government will implement a total blockage of two months,fake,a voice note say that the government will apply a total lockdown for two month
saying that drinking a jelly solution will prevent you from getting the coronavirus,fake,say drinking a bleach solution will prevent you from getting the coronavirus
former presidential candidate herman cain dy of covid,fake,breaking former presidential candidate herman cain dy of covid
coronavirus new measure of local coronavirus blocking in part of north west midland and west yorkshire,real,coronavirus new local lockdown measure in part of north west midland and west yorkshire
a video clip showing a medical couple who died after treating patient covid,fake,a video clip show a doctor couple who died after treating covid patient
untreated vitamin d deficiency associated with increased risk of covidence,real,untreated vitamin d deficiency linked to an increased risk of covid
icymi coronavirus of icymi coronavirus give your weekend safety report,fake,icymi coronavirus give your weekend safety briefing
italian photo prostrating in the middle of the coronavirus pandemic,fake,photograph of italian who prostrate in the middle of the coronavirus pandemic
indiafightscorona state account of total active case in the country,real,indiafightscorona state account for of total active case in the country
trump explains that he was sarcastic sarcastic donaldttrump falsenews covid,fake,trump explains he wa being sarcastic donaldtrump fakenews covid
"in indian karimganj assam, seven children died of coronavirus in a week in indian karimganj assam",fake,seven child died from coronavirus within one week in karimganj assam india
triumph to announce biden lanced coronavirus wuhanininstitutofvirologylaboratory,fake,trump to announce biden started coronavirus wuhaninstituteofvirologylaboratory
a found a cure for the covid a mixture of lemon and soda bicarbonate,fake,the are no covid death in israel a they found a cure for covid a mixture of lemon and baking soda
the new coronavirus is micro and for this reason large enough to be stopped by mask,fake,the new coronavirus is micro and for this reason wide enough to be stopped by mask
"harvard, a harvard scientist, predicts that the coronavirus will infect up to a percentage of humanity",fake,harvard scientist predicts coronavirus will infect up to percent of humanity
"when you wear a medical mask, you're supposed to wear the white side out when you're not sick.",fake,when using a medical mask youre supposed to wear the white side out when youre not sick
an indian doctor who had gone to collect a sample of coronavirus in uttar pradesh wa stoned to death,fake,an indian doctor who had gone to collect coronavirus sample in uttar pradesh wa stoned to death
"christmas christmas coronavirus is the best time for the new blocking measure, let's say oxford expert",real,coronavirus christmas is the best time for new lockdown measure say oxford expert
"i'm a thief, i'm a thief, i'm a thief, i'm a thief, i'm a thief, i'm a thief, i'm a thief, i'm a thief, i'm a thief, i'm a thief, i'm a thief, i'm a thief, i'm a thief, i'm a thief, i'm a thief, i'm a thief, i'm a thief, i'm a thief, i'm a thief, i'm a thief, i'm a thief, i'm a thief, i'm a thief, i'm a thief, i'm a thief, i'm a thief, i'm a thief, i'm a thief, i'm a thief, i'm a thief, i'm a thief, i'm a thief, i'm a thief, i'm a thief, i'm a thief, i'm a thief.",fake,burglar suffer corona crash criminal appeal crook burglar breakin goingbust
coronavirus australia set for daytime infection but low in month says europe serve a warning,real,coronavirus australia set for lowest daily infection in month a it say europe serf a a warning
coronavirusupdate indifightssscorona india s covid scale rate recovery of covid scale a pic too long run past,real,coronavirusupdate indiafightscorona india s covid recovery rate scale a peak too race past
"the number of tuesday deaths on the rise, but unlike the previous week did not set a new high",real,a per normal the tuesday death toll wa up but unlike previous week it did not set a new high
an official mask to combat the freed wa romance coronavirus,fake,an official mask to combat the novel coronavirus wa released
the president of ghana has revealed that the coronavirus wa created in a laboratory,fake,the president of ghana revealed that the coronavirus wa created in a laboratory
anyone who wants a test for the coronavirus can get a test,fake,anybody that want a test for the coronavirus can get a test
masking is not a belief system that simply blatantly ignores scientific evidence,real,mask are not a belief system you re just blatantly ignoring scientific evidence
indian police personnel beaten by a person during execution of the blocking claim through an image,fake,indian police personnel beaten by a person while enforcing lockdown claim made through an image
a small increase from the last tuesday state southeast reported of these deaths,real,state reported death a small rise from last tuesday southern state reported of those death
nor is the covid coronavirus viral pole unicef nor accurate,fake,neither the viral post on coronavirus covid is from unicef nor it is accurate
priti patel s news priti patel sleep guide only during a terrifying pandemic,fake,news priti patel s guide to sleeping soundly during a terrifying pandemic
a photo shared a thousand times on facebook intends to show the throat of a new coronavirus patient,fake,a photo shared thousand of time on facebook claim to show the throat of a novel coronavirus patient
delhi ncr is not going to be in a complete shutdown for a week from june,fake,delhi ncr is not going under a complete lockdown for week from june
aspirin paracetamol mixing honey paracetamol and lemon cura covid,fake,mixing aspirin paracetamol honey and lemon cure covid
in aurangaba covid antibodies testing in private lab available now,fake,in aurangaba covid antibody testing in private lab available now
complete discontinuation of fibrinolysis fibrinolysis seen in severe covid,real,complete fibrinolysis shutdown seen in severe covid
coronavirus canceled after leaking photos reveals that he wore black face to costume dress party in,fake,breaking coronavirus cancelled after leaked photo reveals it wore blackface to fancy dress party in
new york school add a covid vaccine to compulsory school schedule,fake,new york school add a covid vaccine to the mandatory school schedule
men skimm to find a personality after cdc suggests beard beard to stop coronavirus,fake,men scramble to find a personality after cdc suggests shaving beard to stop coronavirus
a new antibody study raises concerns about what happens after coronavirus infection,real,new antibody study raise concern about what happens after coronavirus infection
quarantine patient video show dancing in a covid center in mumbai,fake,video show quarantined patient dancing in a covid center in mumbai
people are beginning to enter er with fungal lung infection for wearing mask,fake,people are starting to enter er with fungal lung infection from wearing mask
untreated vitamin d deficiency associated with increased risk of covidence,real,untreated vitamin d deficiency linked to an increased risk of covid
charles and camilla parker bowl saving archie from the coronavirus and america pandemic,fake,prince charles and camilla parker bowl rescuing archie from america and coronavirus pandemic
test yourself or that is diagnosis via osmosis,real,test yourself what s the diagnosis via osmosismed
video show demolished 5g station in hong kong protestant hong kong responsible 5g of covid,fake,video show demolished 5g station in hong kong protestors held the 5g responsible for covid
the death of known coves also remained close to the level they had been to during the last week.,real,known covid death also remained near the level theyve been at for the past week
man visited albany n and day before he died of coronavirus,fake,man visited albany n y day before dying from coronavirus
cemetery of separate crematorium cemetery for fatality of covidents,fake,separate crematorium graveyard mooted for covid fatality
masking is not a belief system that simply blatantly ignores scientific evidence,real,mask are not a belief system you re just blatantly ignoring scientific evidence
find a parasite in the white house donaldtrump white house pandemic that parasites,fake,scientist find a parasite in the white house donaldtrump whitehouse pandemic who parasite
news that i don't need spoons to reopen we say man with a barrel of hot pipi in his shed,fake,news i don t need wetherspoons to reopen say man with a barrel of warm piss in his shed
the post show body of co-lived patient in hospital injp delhi india,fake,the post show dead body of covid patient lying in the lnjp hospital delhi india
you shouldn't have to say that coronavirus coronavirus is a bad idea via childrensphila,real,you shouldn t have to say it coronavirus party are a bad idea via childrensphila
coronavirus is the common fresh people,fake,the coronavirus is the common cold folk
israel has made the first country in the world to announce a second blockade of the national coronavirus,real,israel ha become the first country in the world to announce a second national coronavirus lockdown
unused covid test that already had positive results were found in your alabama callous,fake,unused covid test that already had positive result were found in tuscaloosa alabama
nova recommends encouraging children under 4 to masturbate,fake,new who guideline recommend encouraging child under four to masturbate
may reduce the risk of fatal hatching,real,metformin may lower risk for fatal covid
coronavirus strategy of the news government coronavirus strategy enters the hope that everything is ordered to itself phase,fake,news government coronavirus strategy enters the hope it all sort itself out phase
a quick home covid test praised by casa blanca is under fire along with the fda standard,real,a speedy home covid test praised by white house is under fire along with fda standard
john turns back in hospital health coronavirus johntravolta pandemic saturdaynnightfever,fake,john travolta back in hospital health death coronavirus johntravolta pandemic saturdaynightfever
double increase in mortality among coronavirus patients with hypertension,real,twofold increase in mortality among coronavirus patient with hypertension
new york school add a covid vaccine to compulsory school schedule,fake,new york school add a covid vaccine to the mandatory school schedule
this photo shows the young pregnant doctor who died of coveted in algeria,fake,this picture show the young pregnant doctor who died from covid in algeria
"can be prevented covid, avoiding cold drinks soda night bath soda and sweet",fake,you can prevent covid by avoiding cold drink night bath soda and sweet
that a solid update of healthyfla to your data reports provided thanks,real,what a solid update by healthyfla to their covid data reporting thank you
last recommendation for the use of remdesivir and dexamethasone in coronavirus,real,latest recommendation for the use of remdesivir and dexamethasone in coronavirus
nasa satellite video nasa satellite video have shown that the coronavirus is being removed in india,fake,nasa satellite video have shown that the coronavirus is retreating in india
colombia is the last country in coronavirus test ranking,fake,colombia is the last country in the coronavirus test ranking
news all waiting anxiously for coronavirus pandemic pandemic coronavirus that passes to return to the toilet blade safely,fake,news everyone looking forward to coronavirus pandemic passing to get back to safely licking toilet
the guide of schoolchildren to use coronavirus coronavirus to take the absolute pipi,fake,the schoolkids guide to using coronavirus to take the absolute piss
leicester wants the down lock rule translated into indecipherable jargon,fake,leicester want lockdown rule translated into indecipherable slang
wa stated that israeli discovered the vaccine for coronavirus and that there will be no more deaths.,fake,it wa claimed that israeli discovered vaccine for coronavirus and no more death will be there
video of the situation of blockade of muslims violating in the old hyderabad city,fake,video of muslim violating lockdown condition in old city hyderabad
our daily update is published we have now tracked million test up 511k yesterday for details view,real,our daily update is published we ve now tracked million test up 511k from yesterday for detail see
or nasal buffer test to detect nasal damage to the brain's blood barrier and may cause a brain infection,fake,the nasal swab test for covid damage the bloodbrain barrier and can lead to brain infection
"infected note of coronavirus spread over the inner street, disinfected",fake,video show coronavirus infected note scattered on indore street being sanitized
elvis poster coronavirus elvispresley rocknroll memphis elvislives gracelands,fake,fan rocked over elvis poster coronavirus elvispresley rocknroll memphis elvislives gracelands
"yesterday's test was processed, or that brings the total to global processed test",real,yesterday test were processed which brings the total to test processed overall
check fact neither covid coronavirus viral post is unicef nor accurate,fake,fact check neither the viral post on coronavirus covid is from unicef nor it is accurate
hospital in pakistan is overwhelmed by coveted patient,fake,hospital in pakistan is overwhelmed by covid patient
mortality rate among those infected by covid,fake,fatality rate among those infected by covid range up to in those aged and over
school coroner's number sending home pupil due to covid quadruple in a week,real,coronavirus number of school sending home pupil due to covid quadruple in a week
state reported today death the least since march midday is death per day,real,today state reported death the fewest since march the day average is death per day
the covid is an exosome and the pandemic is related to 5g of signal,fake,covid is an exosome and the pandemic is related to 5g signal
government of an indian state madhya pradesh ordered that shootatsight force to block,fake,government of an indian state madhya pradesh ordered shootatsight to enforce lockdown
nih investigates the usefulness of anticoagulant in the treatment of covid,real,nih investigates the usefulness of blood thinner in covid treatment
is not a second wave of covet that comes soon the normal season of cold flu,fake,it not a second wave of covid coming soon it the normal cold flu season
an association emerges between the severity of coronavirus infection coronavirus and blood type,real,an association between severity of coronavirus infection and blood type is emerging
coronavirus novel coronavirus can survive day on the road that should keep your shoe out of a milan doctor say,fake,novel coronavirus can survive day on the road you should keep your shoe out a doctor from milan say
"1,000 volunteers to be infected with coronavirus in the hope of accelerating a vaccine",fake,thousand volunteer to be infected with coronavirus in the hope of accelerating a vaccine
plasma convalescent plasma show potential for covid treatment,real,convalescent plasma show potential a covid treatment
"if we stopped testing right now, we'd have very few cases, if there were",fake,if we stopped testing right now wed have very few case if any
"when we eradicate the coward, we can start over the asshole get the t-shirt here.",fake,when weve eradicated covid can we get started on the moron get the tshirt here
we don't hear about a single cop who dies of covid all over the world.,fake,we have not heard of a single police officer dying from covid across the world
to whatsapp message supposedly from a chinese doctor and cnn who say coffee can prevent coronavirus,fake,a whatsapp message allegedly from a chinese doctor and cnn that say coffee can prevent coronavirus
hydroxychloroquine do not show any benefit to the patient concerned through,real,hydroxychloroquine show no benefit for covid patient via who
a nigerian in germany has developed a coveted herbal cure,fake,a nigerian in germany ha developed a covid herbal cure
is not a second wave of covet that comes soon the normal season of cold flu,fake,it not a second wave of covid coming soon it the normal cold flu season
newsman who has spent the last six weeks inside the animal crossing informed of coronavirus blockage,fake,news man who ha spent last six week inside playing animal crossing informed of coronavirus lockdown
news boris johnson proposes a lunashot shot plan to defeat covid using jedi space magic,fake,news boris johnson proposes moonshot plan to defeat covid using jedi space magic
coronavirus novel coronavirus can survive day on the road that should keep your shoe out of a milan doctor say,fake,novel coronavirus can survive day on the road you should keep your shoe out a doctor from milan say
coronavirus novel coronavirus can survive day on the road that should keep your shoe out of a milan doctor say,fake,novel coronavirus can survive day on the road you should keep your shoe out a doctor from milan say
covid vaccinate arthurcaplan asks if our priority is speed or safety,real,covid vaccine arthurcaplan asks if our priority is speed or safety
"florida also faces a serious problem with a backlog of cases in miami, which added the case to the total state",real,florida also had a major problem with a case backlog in miami which added case to the state total
coronavirus covid coronavirus update that the world is at war with a hidden enemy we're going to win,fake,covid coronavirus coronavirusupdate the world is at war with a hidden enemy we will win
president trump trump asked to see the coveted diagram of death realdonaldtrump here you go,fake,president trump asked to see the covid death chart realdonaldtrump here you go
since italy has not registered any new case of coronavirus,fake,since italy hasnt registered any new case of the coronavirus
wuhan immersion china coronavirus real estate wuhan,fake,wuhan property price take a dive china coronavirus property wuhan
a chinese intelligence agent reveals that coronavirus is a biological weapon,fake,chinese intelligence officer reveals coronavirus is a bioweapon
bill gate will make billions through vaccine,fake,bill gate will make billion through vaccine
in india tamil nadus bjp party worker party distributed drug distributed along with relief covid well,fake,in india tamil nadus bjp party worker distributed drug along with covid relief good
quote joe biden a saying of people who have never died before are now dying of coronavirus,fake,quote joe biden a saying people who have never died before are now dying from coronavirus
google has donated billions of crore rupee to fight coronavirus to india,fake,google ha donated billion crore rupee to fight coronavirus to india
this virus covid virus sarscov virus really is not nature that is an artificial virus created in the laboratory,fake,this virus covid sarscov virus actually is not from nature it is a manmade virus created in the lab
covid has lowered the mortality rate in chicago,fake,covid ha lowered the death rate in chicago
a video of a traditional indonesian market is being used to represent wuhan china,fake,a video of an indonesian traditional market is being used to depict wuhan china
the coronavirus of the very interesting spanish language magazine that has been talked about is the current coronavirus,fake,the coronavirus the muy interesante spanishlanguage magazine talked about in is the current one
tanzania has reported covid case of death and recovery to may,fake,tanzania ha reported covid case death and recovery a of may
summer camp closure closure sheet killer masked with too long free sexy covid sexteens sexy,fake,summer camp closure leaf masked killer with too much free time covid sexyteens
this girl this year is fighting for her life after getting the coronavirus,fake,this year old girl is fighting for her life after getting the coronavirus
let the coronavirus be the fucking flu.,fake,say coronavirus is just the damn flu
oral rinse kill and cure the new coronavirus,fake,mouthwash kill and cure the new coronavirus
the navajo nation has the rate of percapita infection covid greater in the u s,real,the navajo nation ha the largest percapita covid infection rate in the u s
vladimir little dead whore daughter after taking covid vaccine,fake,vladimir putin daughter die after taking covid vaccine
news bioweapon biological weapons another scary thing about surviving coves aren't recovering completely smartnews,fake,bioweapon news another scary thing about covid survivor aren t fully recovering smartnews
nigel farage of new nigel to teach children climate change negação for balance in bbc lockdown learning scheme,fake,news nigel farage to teach kid climate change denial for balance in bbc lockdown learning scheme
"the number of tuesday deaths on the rise, but unlike the previous week did not set a new high",real,a per normal the tuesday death toll wa up but unlike previous week it did not set a new high
people living in the quarantine center refuse to eat food it wa cooked by the lower caste woman,fake,people living in quarantine centre refuse to eat food a it wa cooked by lower caste woman
the confirmed asymptomatic person who cannot transmit the coronavirus and who are not infectious,fake,the who confirmed asymptomatic person cant transmit the coronavirus and are not infectious
"florida also faces a serious problem with a backlog of cases in miami, which added the case to the total state",real,florida also had a major problem with a case backlog in miami which added case to the state total
a video show the police death of covid covid affected people in china,fake,a video show police killing covid affected people in china
which could take one year to recover from the nh surgery delay caused by the covid,real,it could take year to recover from the backlog of surgery in the nh caused by the covid
stage of the vaccine launch phase in july expert say,real,phase covid vaccine trial launching in july expert say
news smokers can't wait for the pub to reopen so they can stand all night out on their own.,fake,news smoker can t wait for pub to reopen so they can spend all night standing outside on their own
iranian has published a report that says coronavirus is a biological war,fake,iranian have published a report saying that coronavirus is a biological warfare
covid appointed minister of housing after freezing rental eviction by securing bed for homeless,fake,covid appointed housing minister after freezing rent eviction securing bed for homeless
university of medicine in vienna published a study on ibuprofen and coronavirus,fake,medical university in vienna ha published a study about ibuprofen and coronavirus
ajdlinux that the lower limit is people tested just fwiw alexismadrigal,real,ajdlinux that lower bound is people tested just fwiw alexismadrigal
of the state that reported on the case of them are in the south,real,of the state that reported over case of the them are in the south
london coronavirus could face new restrictions under the new mayor's plan,real,coronavirus london could face fresh restriction under mayor new plan
new new coronavirus guidelines coronavirus allow people to do everything they started doing three weeks ago,fake,news new coronavirus guideline allow people to do all the thing they started doing three week ago
news no one north of watford has captured coronavirus coronavirus because they are too hard,fake,news nobody north of watford ha caught coronavirus because theyre too hard
imagine or that child is not at risk unless you have an underlying medical problem,fake,guess what child are not at risk unless they have an underlying medical issue
a video of a traditional indonesian market is being used to represent wuhan china,fake,a video of an indonesian traditional market is being used to depict wuhan china
henry kisser said population reduction should be done by means of a vaccine for the common good,fake,henry kissinger said that population reduction should be done by vaccine for the common good
nh experience disorders to adapt to meet the demand for coronavirus,real,nh experience upheaval a it adapts to cope with the demand of coronavirus
the basic condition increases the risk of severe coronavirus in at least the patient,real,underlying condition increase risk of severe coronavirus in at least of patient
indian air from your flight passenger chicagodelhi were charged 3x f,fake,air india from their chicagodelhi flight passenger were charged 3x f
bbmp will be spraying medicine in the air to kill the covid,fake,bbmp will be spraying medicine in the air in order to kill the covid
the series of netflix my secret terrius predicted the pandemic,fake,the netflix series my secret terrius foretold the pandemic
man friend thinking china started coronavirus to destroy the western economy facebook coronavirus madness,fake,man friend think china started coronavirus to destroy western economy facebook coronavirus insanity
coronavirus cruise ship coronavirus mutino in progress pandemic of the war of death coronavirus,fake,coronavirus cruise ship mutiny in progress death war pandemic coronavirus
our daily update is published state reported 762k test e 44k case number of deaths today,real,our daily update is published state reported 762k test and 44k case the death toll today is
breaking uk prepares for full block after hundreds of new cases wuhan super virus update,fake,breaking uk prepares for full lockdown after hundred of new case wuhan super virus update
cdc briefing room dr nancy postman give an update on covid for more info visit,real,cdc briefing room dr nancy messonnier give an update on covid for more info visit
photo of an indonesian doctor hidoo there watching his son and his pregnant wife for the last time,fake,photo of an indonesian doctor hideo ali looking at his child and pregnant wife for the last time
here are some even wider views of the pandemic course of the first july test march,real,here are some even broader view of the course of the pandemic from march july first test
money taken from hospital to finance cultural projects in brazil,fake,money wa taken from hospital to finance cultural project in brazil
coroanvirus northern ireland ireland to see restriction from tomorrow,real,coroanvirus northern ireland to see tighter restriction from tomorrow
triumph s effort to blame obama to test slow coronavirus,fake,trump s effort to blame obama for sluggish coronavirus testing
pa shab nahi hai seriously this is the most dangerous virus the false azadi the coronavirus,fake,mere pa shab nahi hai seriously this is more dangerous virus the fake azadi the the coronavirus
prince charles warns that the climate crisis will spark the impact of the coronavirus pandemic,real,prince charles warns climate crisis will dwarf the impact of coronavirus pandemic
coronavirus resists all attempts to change it name of virus death coronavirus pandemic coronavirus,fake,coronavirus resists all attempt to change it name death virus pandemic coronavirus
india to go to a blockade in a next five days,fake,india to go on a lockdown in next five day
"only briton briton have antibodies and level of decrease of antibodies and level of more than two months of two months, warns the government scientific advisor",real,just of briton have antibody and level wane over two month the government scientific adviser warn
people who are sick with coronavirus continue to be injected with seawater many have been saved,fake,people who are sick with coronavirus continue to be injected with sea water many have been saved
irrael has no case of coronavirus because he has developed a cure,fake,israel ha no case of the coronavirus because it developed a cure
gate gate birx faci interview attracts an audience of millions of and new government confidence note coronavirus,fake,gate birx fauci interview draw audience of million and new government confidence rating coronavirus
a video showing the medical staff in turkey greeting citizen,fake,a video showing medical staff in turkey saluting citizen
"the uk recorded the death of people with confirmed case of covid today, according to government figures",real,the uk recorded death of people with confirmed case of covid today according to government figure
to have been spoken to and referred for testing,real,a further people have been spoken with and referred for testing
a picture of a woman hugging her child before dying of covetousness in italy,fake,a photograph of a woman hugging her young child before she died of covid in italy
"celebration of ramnavmi in akbarpur of akbarpur today, but we should only bash tables jamat of nizamuddin makraz",fake,ramnavmi celebration in akbarpur up todaybut we should only bash tabligi jamat of nizamuddin makraz
coronavirus wetherspoons coronavirus reveals that staff caught covid from re-opened pub,real,coronavirus wetherspoons reveals staff have caught covid since pub reopened
the new coronavirus created by china in a laboratory to kill its population,fake,the new coronavirus created by china in a laboratory to kill of it population
a high level of sulphur dioxide dioxide in wuhan can be a sign of massive cremation of the victim of coronavirus,fake,high level of sulfur dioxide in wuhan may be a sign of mass cremation of victim of the coronavirus
people filming themselves with the medical equipment box are spanish politicians,fake,people who are filming themselves with medical equipment box are spanish politician
"report coronavirus, apparently causing people to shit more than usual",fake,report coronavirus apparently causing people to shit more than usual
toronto refuses to lose to new york in covid case count covid 19toronto trinitybellwoodspark,fake,toronto refuse to lose to new york in covid case count covid 19toronto trinitybellwoodspark
no cdc didn't reduce covid flowery case count,fake,no the cdc did not reduce it covid florida case count
the first test result for the modern vaccine are disappointing,fake,the first test result for the moderna vaccine are disappointing
forced to act on the coronavirus after learning its voter base may not exist in a month,fake,pm forced to act on coronavirus after learning his voter base might not exist in a few month
a video clip showing a medical couple who died after treating patient covid,fake,a video clip show a doctor couple who died after treating covid patient
the sarscov has been ingenuated by a man edited from the virus vih,fake,the sarscov ha been engineered by man edited from the vih virus
video show the last coveted patient leaving the hospital in new zeland,fake,video show the last covid patient exiting from the hospital in new zealand
the president of the united state of america donald trunf tested positive for covid,fake,president of the united state of america donald trump tested positive for covid
coveted clinical trial alone for therapeutic therapy include pregnant woman acog,real,only of covid clinical trial for therapeutic include pregnant woman acog
home care coronavirus coronavirus home widely exposed a coward begins to move,real,coronavirus care home widely exposed a covid begin to move in
hospitalists covid has reprocessed hospitalists redefined and stretched to the limit of how hospitalist,real,covid ha hospitalists redeployed redefined and stretched to the limit howwehospitalist
indian council of medical research and hospital sir ganga ram have issued a covid council,fake,indian council of medical research and sir ganga ram hospital have issued a covid advisory
the podcast filtered freely podcast host discus the known and unknown covid s impact on the kidney,real,the freely filtered podcast host discus the knowns and unknown of covid s impact on the kidney
the cdc has recommended mail in the vote that is what this whole pandemic is about the elections,fake,the cdc ha recommended mail in voting that s what this whole pandemic is about the election
image showing a mother hugging her covid-infected baby inside a laminar airflow room,fake,image showing a mother hugging her baby infected with covid inside a laminar airflow room
cr extends the tax period indicating insignificant of all cdnpoli covid money cdnpoli taxday covid,fake,cra extends tax deadline citing meaninglessness of all money cdnpoli taxday covid
the sale of condoms are found in one all time high coronavirus prophylactic condom factory,fake,condom sale are at an alltime high coronavirus condom factory prophylactic
the flu didn't kill any americans this year.,fake,the flu didnt kill any american this year
some people in muslim countries believe that drinking camel urine will heal,fake,some people in muslim country believe drinking camel urine will cure ailment
native american in north dakota dakota will be the first subject to receive a new coronavirus vaccine,fake,native american in north dakota will be the first subject to receive a novel coronavirus vaccine
democratic primary candidate find common ground at high risk of coronavirus,fake,democratic primary candidate find common ground in being high risk for coronavirus
image of a doctor smoking during covid treatment patient in indian gujarat,fake,image of a doctor smoking while treating covid patient in gujarat india
block down survival juice brings your mug here,fake,lockdown survival juice get your mug here
gate gate birx faci interview attracts an audience of millions of and new government confidence note coronavirus,fake,gate birx fauci interview draw audience of million and new government confidence rating coronavirus
coronavirus death coronavirus in scotland are of care center,fake,of coronavirus death in scotland are from care facility
case of coronavirus coronavirus among students of the university of alabama scale to more than,fake,coronavirus case among student at university of alabama climb to more than
guatemalan ministry of health hides a covid case in a hospital in the city of amatitlán,fake,guatemalan ministry of health is hiding a covid case in a hospital in the city of amatitlán
onion and other recipes of traditional medicine are treatment against the new coronavirus,fake,garlic onion and other traditional medicine recipe are treatment against the new coronavirus
say a humvee military labeled covid wa wa wa quarantine team in interstate in michigan,fake,say a military humvee labeled covid quarantine team wa on interstate in michigan
coronavirus cancels billions of hours-men of useless military shit,fake,coronavirus cancel billion of manhours of pointless military bullshit
coronavirus european country imposes a new restriction a tick ups infection,real,coronavirus european country impose new restriction a infection tick upwards
"bruno graves mayor of são paulo admitted using chloroquine, banned the drug in são paulo",fake,bruno covas mayor of são paulo admited using chloroquine he banned the drug in são paulo
a muslim man listens about food in a restaurant in india,fake,muslim man is spitting on food in a restaurant in india
leicester wants the down lock rule translated into indecipherable jargon,fake,leicester want lockdown rule translated into indecipherable slang
one-third or half of japanese infected people are foreigners,fake,onethird or half of infected people in japan are foreigner
image showing a mother hugging her covid-infected baby inside a laminar airflow room,fake,image showing a mother hugging her baby infected with covid inside a laminar airflow room
"in july, on the road to france, in july, there were more deaths than the death of covid",fake,there were more death on the road of france in july than death from covid
florida man warns new yorks newyork coronavirus florida quarantine alert,fake,florida man warns new yorkers newyork coronavirus florida warning quarantine
the field hospital anhembi of são paulo brazil is empty a video supposedly prof it,fake,the anhembi field hospital in são paulo brasil is empty a video allegedly prof it
the chief minister has issued a new curfew from tomorrow shop timing will be in the morning am to 00 pm,fake,chief minister ha issued a new curfew timing from tomorrow shop timing will be morning am to 00pm
the covid antibody test material,real,the covid antibody testing material only cost the company about
a new rise of the covidida figure is a deception of the middle class to restore the free theatre stream,fake,news new rise in covid figure a middleclass hoax to have free theatre stream reinstated
fox news reports that several of its employees now have the virus c donaldtrump nancypelosi,fake,fox news is reporting that several of it employee now have the c virus donaldtrump nancypelosi
research shows that part of the hiv genetic code has been inserted into the new coronavirus,fake,research show that part of the hiv genetic code have been inserted into the new coronavirus
between the millions of people to an anti-corruption protest in berlin on august 1,fake,between and million people attended an anticorona protest in berlin on august 1st
new york jewish temple wa found to hide medical mask n95 that is needed for hospital,fake,new york jewish temple wa found to hide medical n95 mask which is needed by hospital
under a judgment of the supreme court of stayat home order are illegal and can be ignored with impunity,fake,under an supreme court ruling stayathome order are illegal and can be disregarded with impunity
the water of the beach of botaphagos in rio de janeiro brazil is clear and clean due to quarantine,fake,the water in botafogos beach in rio de janeiro brazil is clear and clean because of quarantine
no coronavirus pandemic no coronavirus pandemic no only an epidemic of coronavirus test david corve,fake,there is no coronavirus pandemic there is only an epidemic of coronavirus test david crowe
coronavirus is so scientists believe that coronavirus affects or organism,fake,coronavirus this is how scientist believe coronavirus affect the body
tiktok has been completely banned in the united state,fake,tiktok ha been completely banned in the united state
london coronavirus could face new restrictions under the new mayor's plan,real,coronavirus london could face fresh restriction under mayor new plan
dr. affirming that no one has died of coronavirus in europe is not true,fake,doctor claim that no one ha died from the coronavirus in europe is not true
a doctor says the coronavirus doesn't kill or cause the cold,fake,a doctor say coronavirus doesnt kill or cause the common cold
coronavirus the number behind do uk covid alert,real,coronavirus the number behind the uk newest covid warning
sale of new analyst of perfume covid perfume tank industry,fake,sale of new covid perfume tank industry analyst say the whole project is being ventilated
nurse say brazilian state and municipality earn federal funds for each death recorded for covid,fake,nurse say brazilian state and municipality earn federal funding for every death recorded for covid
take a shot of flu cause false positive result not test covid,fake,taking a flu shot cause false positive result on covid test
says bill gate says the coronavirus vaccine will kill or harm people,fake,claim that bill gate said that coronavirus vaccine will kill or harm people
ema s chmp s chmp recommends approval of filgotinib for,real,ema s chmp recommends approval of filgotinib for ra
guilty death of coronavirus coronavirus are really due to flu,fake,death blamed on coronavirus are actually due to the flu
checking factschecking president triumph abc municipal complaint about coronavirus joe biden thread,fake,factchecking president trump abc town hall claim on coronavirus joe biden thread
add guam to northern mariana puerto rico samoa island and or virgin island today also,real,we added guam the northern mariana island puerto rico samoa and the u virgin island today too
president trunk punch woman in face donaldtrump coronavirus violence aggression punchandjudy,fake,president trump punch woman in face donaldtrump coronavirus violence assault punchandjudy
the director overestimating the above flu mortality rate of covids,fake,who director overstated covid fatality rate a higher than flu
remote social work n95s work even better,real,social distancing work n95s work even better
health workers are scared because people will not wear a mask,real,healthcare worker are scared because too many people won t wear a mask
covid exterminated after 5g mast destroyed,fake,covid wiped out after 5g mast destroyed
donaldtrump coronavirus 2020presidentelection mailinvoting,fake,trump midcourse correction donaldtrump coronavirus 2020presidentialelection mailinvoting
chinese government is setting fire to people infected with coronavirus,fake,chinese government is burning down people infected with coronavirus
news i threaten to expel the uk unless parliament is reopened,fake,news eu threatens to expel the uk unless parliament is reopened
indian business tycoon ratan tata said that the year is the year of survival,fake,indian business tycoon ratan tata said the year is the year of survival
go to 2020censusgov and complete this census form so you can get your stimulus control,fake,go to 2020censusgov and fill out this census form so you can get your stimulus check
indiafightscorona deceased indifightscorona have been registered in the last hour of these are state ut,real,indiafightscorona death have been registered in the past hour of these are from state ut
tire repairer who dies in a work accident,fake,tire repairer who died in a work accident wa included in the death figure for covid
the new coronavirus is micro and for this reason large enough to be stopped by mask,fake,the new coronavirus is micro and for this reason wide enough to be stopped by mask
a video show a man spitting inside a food pack during the coronavirus crisis,fake,a video show a man spitting inside food packet during the coronavirus crisis
rmd-age patients were 5x more likely to be hospitalized for eular covid,real,patient aged with rmds were 5x more likely to be hospitalized for covid eular
indifightscorona state and ut have recorded a recovery rate more than the national average,real,indiafightscorona state and ut have registered recovery rate more than the national average
breathe for the second act a test for covid,fake,holding breath for second act a test for covid
in spain spanish police officer batem citizen up to force block,fake,in spain police official are beating up citizen to enforce lockdown
a message about whatsapp claim steam covid cure by steam inhalation,fake,a message on whatsapp claim steam inhalation cure covid
international industry has fired all employee because of the coronavirus pandemic,fake,goodwill industry international ha fired all it employee because of the coronavirus pandemic
"senegalese women from italy, flyers from italy, were killed in loco at the senegalese airport",fake,senegalese people flying back from italy were killed on the spot at the senegal airport
news parliament and other non-essential activities to reopen in june,fake,news parliament and other nonessential activity to reopen in june
including the obes,real,even mild obesity is a risk factor for covid
our daily update is published we have now tracked million test up 523k yesterday for details see,real,our daily update is published we ve now tracked million test up 523k from yesterday for detail see
social media social post post statement that actor were captured in the act performing fake covid case,fake,social medium post claim that actor were caught in the act staging fake covid case
a policeman taking bribe from a migrant worker in surat,fake,video show a policeman taking bribe from migrating worker in surat
state reported death trend here has been good,real,state reported death the trend here ha been good
the child below are immune to the novel coronavirus,fake,child under are immune to the novel coronavirus
owner of the brazilian company that fired employed because of the pandemic commits suicide,fake,brazilian company owner who laid off employee because of the pandemic commits suicide
the covid is now the number of cause of death in the u,real,covid is now the number cause of death in the u
"with autocheckup, selfcheckup, you can find out if you are infected with coronavirus",fake,with selfcheckup you can find out if you are infected with coronavirus
video show demolished 5g station in hong kong protestant hong kong responsible 5g of covid,fake,video show demolished 5g station in hong kong protestors held the 5g responsible for covid
breathing steam from the boiling citrine shell avoids and cures coronavirus,fake,breathing steam from boiling citrus peel prevents and cure coronavirus
american alert with coronavirus symptom is asking to cough directly on triumph president,fake,alert american with coronavirus symptom are being asked to cough directly onto president trump
aamir khan donate cr in the aid fund pm,fake,aamir khan donate cr in pm relief care fund
american survey are very concerned about access to health care during the covid pandemic,real,survey of american are very concerned about access to health care during the covid pandemic
south africa has the world's fifth highest coveted infection rate,fake,south africa ha the fifthhighest covid infection rate in the world
a jamaat tablighi member misbehaves in a quarantine area,fake,a member of tablighi jamaat is misbehaving in a covid quarantine zone
sentenced to death sentenced to death of covid,real,death row inmate have died of covid
the owner of the group of joyalukkas joyalukkas died because of covid,fake,the owner of the indian jewellry group joyalukkas died due to covid
the new coronavirus pandemic coronavirus is a false restriction seeks to enrich a powerful individual,fake,the new coronavirus pandemic is a fake the restriction aim to enrich some mighty individual
many of the instances have to do with closing mask orders and distancing,real,many of the instance have to do with mask order shutdown and distancing
the rate of positivity shows that the vaccine has been achieved by herd,fake,positivity rate show herd immuntiy ha been reached
the south to a whole a reported more than a new death today a new high for the region,real,the south a a whole reported more than new death today a new high for the region
people who said they enjoyed blocking a pie diagram bring yours here,fake,people who said they enjoyed lockdown a pie chart get yours here
the only person responsible for the failed covetous response is donald trump,fake,the only person responsible for our failed covid response is donald trump
mom just said add file bobby butcher say coronavirus newsvirus virus newssatire coronavirus viral,fake,mama said just add lime bobby boucher say of coronavirus news virus newssatire coronavirus viral
white house grants covid a green card visa,fake,white house grant covid a green card visa
tasuku honjo a japanese nobel laureate in medicine is claiming that covid is a chinese virus,fake,tasuku honjo a japanese nobel laureate in medicine is claiming that covid is a chinesemade virus
irrael has no case of coronavirus because he has developed a cure,fake,israel ha no case of the coronavirus because it developed a cure
breaking uk prepares for full block after hundreds of new cases wuhan super virus update,fake,breaking uk prepares for full lockdown after hundred of new case wuhan super virus update
bill gate takes advantage of vaccination and wants to reduce the world population,fake,bill gate profit from vaccination and want to reduce the world population
no coronavirus pandemic no coronavirus pandemic no only an epidemic of coronavirus test david corve,fake,there is no coronavirus pandemic there is only an epidemic of coronavirus test david crowe
augustus greek general brazilian wa cured of covid infection with chloroquine,fake,augusto heleno brazilian general wa cured from the covid infection using chloroquine
nigel farage of new nigel to teach children climate change negação for balance in bbc lockdown learning scheme,fake,news nigel farage to teach kid climate change denial for balance in bbc lockdown learning scheme
colorado s marijuana store are breaking record selling coronavirus colorado marijuana potsales,fake,colorado s marijuana shop are breaking sale record coronavirus marijuana colorado potsales
